Word,Lower,Level
Abend,abend,A1
alles,alles,A1
antworten,antworten,A1
auch,auch,A1
auf,auf,A1
aus,aus,A1
Aussage,aussage,A1
bisschen,bisschen,A1
bitte,bitte,A1
danke,danke,A1
dann,dann,A1
das,das,A1
der,der,A1
Deutsch,deutsch,A1
Dialog,dialog,A1
die,die,A1
dir,dir,A1
du,du,A1
ein,ein,A1
eine,eine,A1
Entschuldigung,entschuldigung,A1
er,er,A1
es,es,A1
Form,form,A1
Frage,frage,A1
fragen,fragen,A1
Frau,frau,A1
ganz,ganz,A1
gehen,gehen,A1
Grammatik,grammatik,A1
gut,gut,A1
hallo,hallo,A1
heißen,heißen,A1
Herr,herr,A1
hören,hören,A1
ich,ich,A1
Ihnen,ihnen,A1
ihr,ihr,A1
im,im,A1
ja,ja,A1
klar,klar,A1
kommen,kommen,A1
Kurs,kurs,A1
Kursteilnehmer,kursteilnehmer,A1
Kursteilnehmerin,kursteilnehmerin,A1
Land,land,A1
lesen,lesen,A1
Mann,mann,A1
mein,mein,A1
meine,meine,A1
mit,mit,A1
morgen,morgen,A1
Nacht,nacht,A1
Name,name,A1
nein,nein,A1
neu,neu,A1
nicht,nicht,A1
oder,oder,A1
Person,person,A1
richtig,richtig,A1
Satz,satz,A1
schreiben,schreiben,A1
sehr,sehr,A1
sein,sein,A1
sie,sie,A1
Sie,sie,A1
so,so,A1
Sprache,sprache,A1
sprechen,sprechen,A1
supergut,supergut,A1
Tag,tag,A1
Tschüss,tschüss,A1
und,und,A1
was,was,A1
welche,welche,A1
wer,wer,A1
Wiedersehen,wiedersehen,A1
wie,wie,A1
wissen,wissen,A1
wo,wo,A1
woher,woher,A1
Wort,wort,A1
aber,aber,A1
Adresse,adresse,A1
alt,alt,A1
anmelden,anmelden,A1
Anmeldung,anmeldung,A1
arbeiten,arbeiten,A1
Bild,bild,A1
Bruder,bruder,A1
buchstabieren,buchstabieren,A1
dein,dein,A1
deine,deine,A1
einmal,einmal,A1
Eltern,eltern,A1
falsch,falsch,A1
Familie,familie,A1
Familienname,familienname,A1
Familienstand,familienstand,A1
Formular,formular,A1
geschieden,geschieden,A1
Geschwister,geschwister,A1
haben,haben,A1
Handynummer,handynummer,A1
Hausnummer,hausnummer,A1
Heimatland,heimatland,A1
hier,hier,A1
Ihr,ihr,A1
Ihre,ihre,A1
in,in,A1
Information,information,A1
Jahr,jahr,A1
jetzt,jetzt,A1
kein,kein,A1
keine,keine,A1
Kind,kind,A1
Kindergarten,kindergarten,A1
Kontakt,kontakt,A1
leben,leben,A1
ledig,ledig,A1
möchten,möchten,A1
Mutter,mutter,A1
nach,nach,A1
Nachname,nachname,A1
noch,noch,A1
Postleitzahl,postleitzahl,A1
Schwester,schwester,A1
Schwägerin,schwägerin,A1
Schwiegertochter,schwiegertochter,A1
Schwiegervater,schwiegervater,A1
Sohn,sohn,A1
Straße,straße,A1
Telefonnummer,telefonnummer,A1
Tochter,tochter,A1
über,über,A1
Vater,vater,A1
vergleichen,vergleichen,A1
verheiratet,verheiratet,A1
verwitwet,verwitwet,A1
viel,viel,A1
viele,viele,A1
Vorname,vorname,A1
vorstellen,vorstellen,A1
welcher,welcher,A1
welche,welche,A1
welches,welches,A1
willkommen,willkommen,A1
wir,wir,A1
wohnen,wohnen,A1
Wohnort,wohnort,A1
Zahl,zahl,A1
zu,zu,A1
an,an,A1
andere,andere,A1
benutzen,benutzen,A1
Blatt,blatt,A1
Bleistift,bleistift,A1
Buch,buch,A1
doch,doch,A1
Donnerstag,donnerstag,A1
endlich,endlich,A1
erklären,erklären,A1
erzählen,erzählen,A1
Feiertag,feiertag,A1
Fenster,fenster,A1
Foto,foto,A1
Freitag,freitag,A1
Freund,freund,A1
für,für,A1
genau,genau,A1
gestern,gestern,A1
groß,groß,A1
Gruß,gruß,A1
Hausaufgabe,hausaufgabe,A1
Heft,heft,A1
ihr,ihr,A1
Karte,karte,A1
klein,klein,A1
knifﬂig,knifﬂig,A1
Kugelschreiber,kugelschreiber,A1
Kursbuch,kursbuch,A1
Kursraum,kursraum,A1
Lampe,lampe,A1
Lehrerin,lehrerin,A1
lernen,lernen,A1
lesen,lesen,A1
liebe,liebe,A1
lieber,lieber,A1
Liste,liste,A1
machen,machen,A1
mir,mir,A1
Mittwoch,mittwoch,A1
Montag,montag,A1
natürlich,natürlich,A1
nett,nett,A1
Papierkorb,papierkorb,A1
Pause,pause,A1
Projektor,projektor,A1
Radiergummi,radiergummi,A1
Raum,raum,A1
Rucksack,rucksack,A1
Sache,sache,A1
sagen,sagen,A1
Samstag,samstag,A1
sehen,sehen,A1
Seite,seite,A1
Schlüssel,schlüssel,A1
schnell,schnell,A1
Sonntag,sonntag,A1
Spaß,spaß,A1
spielen,spielen,A1
Spitzer,spitzer,A1
Stuhl,stuhl,A1
Tabelle,tabelle,A1
Tafel,tafel,A1
Tasche,tasche,A1
Text,text,A1
Tisch,tisch,A1
Tür,tür,A1
übermorgen,übermorgen,A1
Übung,übung,A1
Übungsbuch,übungsbuch,A1
verstehen,verstehen,A1
vorgestern,vorgestern,A1
Wand,wand,A1
Woche,woche,A1
Wochenende,wochenende,A1
Wörterbuch,wörterbuch,A1
zeigen,zeigen,A1
Zettel,zettel,A1
zusammen,zusammen,A1
Angebot,angebot,A1
Antwort,antwort,A1
Apfel,apfel,A1
Apfelsaft,apfelsaft,A1
Aufgabe,aufgabe,A1
Babynahrung,babynahrung,A1
Banane,banane,A1
Becher,becher,A1
Beispiel,beispiel,A1
Bier,bier,A1
Birne,birne,A1
Bistro,bistro,A1
Blaubeere,blaubeere,A1
Bohne,bohne,A1
brauchen,brauchen,A1
Brot,brot,A1
Brötchen,brötchen,A1
Cent,cent,A1
Cola,cola,A1
Couscous,couscous,A1
denn,denn,A1
diese,diese,A1
dieser,dieser,A1
dieses,dieses,A1
Dose,dose,A1
durch,durch,A1
Ei,ei,A1
Einkaufszettel,einkaufszettel,A1
einige,einige,A1
Erbse,erbse,A1
Erdbeere,erdbeere,A1
essen,essen,A1
etwas,etwas,A1
fertig,fertig,A1
Fisch,fisch,A1
Flasche,flasche,A1
Fleisch,fleisch,A1
frisch,frisch,A1
Frühstück,frühstück,A1
frühstücken,frühstücken,A1
gemeinsam,gemeinsam,A1
Gemüse,gemüse,A1
gern,gern,A1
Getränk,getränk,A1
Glas,glas,A1
gleich,gleich,A1
Gramm,gramm,A1
Himbeere,himbeere,A1
Honig,honig,A1
Joghurt,joghurt,A1
Kaffee,kaffee,A1
Kartoffel,kartoffel,A1
Käse,käse,A1
kaufen,kaufen,A1
Keks,keks,A1
Kichererbse,kichererbse,A1
Kilo,kilo,A1
Kirsche,kirsche,A1
Kiwi,kiwi,A1
Kontrolle,kontrolle,A1
kosten,kosten,A1
Kuchen,kuchen,A1
Kunde,kunde,A1
Kundin,kundin,A1
kurz,kurz,A1
Lammﬂeisch,lammﬂeisch,A1
Lebensmittel,lebensmittel,A1
Limonade,limonade,A1
Liter,liter,A1
man,man,A1
Mandarine,mandarine,A1
Mango,mango,A1
Markt,markt,A1
Marmelade,marmelade,A1
Mehl,mehl,A1
meistens,meistens,A1
Mengenangabe,mengenangabe,A1
Melone,melone,A1
Milch,milch,A1
Milchprodukt,milchprodukt,A1
mögen,mögen,A1
Möhre,möhre,A1
müssen,müssen,A1
nehmen,nehmen,A1
Nudel,nudel,A1
nur,nur,A1
Obst,obst,A1
Obstsalat,obstsalat,A1
Olivenöl,olivenöl,A1
Orange,orange,A1
ordnen,ordnen,A1
Packung,packung,A1
Paprika,paprika,A1
Partner,partner,A1
Partnerin,partnerin,A1
Pfund,pfund,A1
Pilz,pilz,A1
planen,planen,A1
Preis,preis,A1
pro,pro,A1
Pudding,pudding,A1
Reis,reis,A1
Rindﬂeisch,rindﬂeisch,A1
Saft,saft,A1
Sahne,sahne,A1
Salat,salat,A1
Salz,salz,A1
sich,sich,A1
schmecken,schmecken,A1
Schokolade,schokolade,A1
schön,schön,A1
Schweineﬂeisch,schweineﬂeisch,A1
sonst,sonst,A1
stehen,stehen,A1
streichen,streichen,A1
Stück,stück,A1
Tasse,tasse,A1
Tee,tee,A1
teuer,teuer,A1
Tipp,tipp,A1
Tomate,tomate,A1
Traube,traube,A1
trinken,trinken,A1
unterstreichen,unterstreichen,A1
verbinden,verbinden,A1
Verkäufer,verkäufer,A1
Verkäuferin,verkäuferin,A1
von,von,A1
Wasser,wasser,A1
Wein,wein,A1
Zitrone,zitrone,A1
Zucker,zucker,A1
Zwiebel,zwiebel,A1
abends,abends,A1
Alltag,alltag,A1
anrufen,anrufen,A1
Arbeit,arbeit,A1
aufstehen,aufstehen,A1
beginnen,beginnen,A1
beide,beide,A1
Bett,bett,A1
bis,bis,A1
Büro,büro,A1
Computer,computer,A1
Computerspiel,computerspiel,A1
erst,erst,A1
fernsehen,fernsehen,A1
Film,film,A1
Freundin,freundin,A1
früh,früh,A1
Fußball,fußball,A1
Deutsch,deutsch,A1
gehen,gehen,A1
geöffnet,geöffnet,A1
grillen,grillen,A1
halb,halb,A1
Hunger,hunger,A1
Idee,idee,A1
Interview,interview,A1
kochen,kochen,A1
können,können,A1
lecker,lecker,A1
leider,leider,A1
manchmal,manchmal,A1
mehr,mehr,A1
Mittag,mittag,A1
mittags,mittags,A1
Mittagspause,mittagspause,A1
Morgen,morgen,A1
morgens,morgens,A1
müde,müde,A1
Musik,musik,A1
Nachmittag,nachmittag,A1
nachmittags,nachmittags,A1
nachts,nachts,A1
nie,nie,A1
Notizzettel,notizzettel,A1
oft,oft,A1
Pizza,pizza,A1
putzen,putzen,A1
schade,schade,A1
schlafen,schlafen,A1
Schluss,schluss,A1
Schule,schule,A1
spät,spät,A1
spazieren,spazieren,A1
Spiel,spiel,A1
Sport,sport,A1
Stunde,stunde,A1
Stundenplan,stundenplan,A1
Supermarkt,supermarkt,A1
telefonieren,telefonieren,A1
tun,tun,A1
Uhr,uhr,A1
Uhrzeit,uhrzeit,A1
um,um,A1
Unterricht,unterricht,A1
Viertel,viertel,A1
vor,vor,A1
Vormittag,vormittag,A1
vormittags,vormittags,A1
wann,wann,A1
Wohnung,wohnung,A1
zeichnen,zeichnen,A1
Zeit,zeit,A1
zu Hause,zu Hause,A1
ab,ab,A1
Altbau,altbau,A1
Angabe,angabe,A1
Anzeige,anzeige,A1
Arbeitszimmer,arbeitszimmer,A1
Bad,bad,A1
baden,baden,A1
Badewanne,badewanne,A1
Badezimmer,badezimmer,A1
Balkon,balkon,A1
Bauernhof,bauernhof,A1
bei,bei,A1
bekommen,bekommen,A1
Besichtigungstermin,besichtigungstermin,A1
besser,besser,A1
billig,billig,A1
breit,breit,A1
circa,circa,A1
dazu,dazu,A1
Diele,diele,A1
direkt,direkt,A1
dort,dort,A1
draußen,draußen,A1
dringend,dringend,A1
dunkel,dunkel,A1
Dusche,dusche,A1
Einfamilienhaus,einfamilienhaus,A1
einkaufen,einkaufen,A1
Elektrogerät,elektrogerät,A1
Erdgeschoss,erdgeschoss,A1
ersetzen,ersetzen,A1
Euro,euro,A1
Fernseher,fernseher,A1
ﬁnden,ﬁnden,A1
Firma,firma,A1
Flur,flur,A1
frei,frei,A1
Garage,garage,A1
Garten,garten,A1
Gast,gast,A1
Geld,geld,A1
gemütlich,gemütlich,A1
gepﬂegt,gepﬂegt,A1
Gerät,gerät,A1
Geschäft,geschäft,A1
Gespräch,gespräch,A1
Größe,größe,A1
grün,grün,A1
hängen,hängen,A1
hässlich,hässlich,A1
Hauptsache,hauptsache,A1
Haus,haus,A1
Haustier,haustier,A1
Heizung,heizung,A1
helfen,helfen,A1
hell,hell,A1
Herd,herd,A1
Hilfe,hilfe,A1
hinten,hinten,A1
Hochhaus,hochhaus,A1
Immobilie,immobilie,A1
insgesamt,insgesamt,A1
interessant,interessant,A1
jeder,jeder,A1
jede,jede,A1
jedes,jedes,A1
Juni,juni,A1
Kaffeemaschine,kaffeemaschine,A1
kalt,kalt,A1
Kaution,kaution,A1
Keller,keller,A1
Kinderzimmer,kinderzimmer,A1
Kleiderschrank,kleiderschrank,A1
Küche,küche,A1
Kühlschrank,kühlschrank,A1
lang,lang,A1
lassen,lassen,A1
laut,laut,A1
liebsten,liebsten,A1
liegen,liegen,A1
maximal,maximal,A1
Mehrfamilienhaus,mehrfamilienhaus,A1
Miete,miete,A1
mindestens,mindestens,A1
Möbel,möbel,A1
möbliert,möbliert,A1
modern,modern,A1
Monat,monat,A1
Monatsmiete,monatsmiete,A1
Müll,müll,A1
neben,neben,A1
Nebenkosten,nebenkosten,A1
ohne,ohne,A1
Obergeschoss,obergeschoss,A1
Ort,ort,A1
Pﬂanze,pﬂanze,A1
Plan,plan,A1
Platz,platz,A1
Quadratmeter,quadratmeter,A1
Regal,regal,A1
Reihenhaus,reihenhaus,A1
ruhig,ruhig,A1
schauen,schauen,A1
Schlafzimmer,schlafzimmer,A1
schmal,schmal,A1
Schrank,schrank,A1
Sessel,sessel,A1
singen,singen,A1
sitzen,sitzen,A1
Sofa,sofa,A1
sofort,sofort,A1
sollen,sollen,A1
Sonderangebot,sonderangebot,A1
Sonne,sonne,A1
sonstiges,sonstiges,A1
Sprachschule,sprachschule,A1
spülen,spülen,A1
Spülmaschine,spülmaschine,A1
Stadt,stadt,A1
suchen,suchen,A1
super,super,A1
Teppich,teppich,A1
Terrasse,terrasse,A1
Toilette,toilette,A1
toll,toll,A1
Traumwohnung,traumwohnung,A1
unbedingt,unbedingt,A1
ungemütlich,ungemütlich,A1
"unser, unsere","unser, unsere",A1
warum,warum,A1
waschen,waschen,A1
Waschmaschine,waschmaschine,A1
wegziehen,wegziehen,A1
weiter,weiter,A1
wenn,wenn,A1
werden,werden,A1
wichtig,wichtig,A1
wohnen,wohnen,A1
Wohnungsanzeige,wohnungsanzeige,A1
Wohnungssuche,wohnungssuche,A1
Wohnzimmer,wohnzimmer,A1
wunderschön,wunderschön,A1
wünschen,wünschen,A1
zahlen,zahlen,A1
Zeitung,zeitung,A1
Zentrum,zentrum,A1
Zimmer,zimmer,A1
zu Fuß,zu Fuß,A1
Ampel,ampel,A1
Ankunftszeit,ankunftszeit,A1
Ansage,ansage,A1
Apotheke,apotheke,A1
Arzt,arzt,A1
Ärztin,ärztin,A1
Auskunft,auskunft,A1
außerdem,außerdem,A1
außerplanmäßig,außerplanmäßig,A1
Auto,auto,A1
Bahn,bahn,A1
Bahnhof,bahnhof,A1
Ball,ball,A1
Bank,bank,A1
bezahlen,bezahlen,A1
Bibliothek,bibliothek,A1
Bürgerbüro,bürgerbüro,A1
Bus,bus,A1
Bushaltestelle,bushaltestelle,A1
Café,café,A1
dafür,dafür,A1
dritte,dritte,A1
Durchsage,durchsage,A1
einfach,einfach,A1
Einzelfahrkarte,einzelfahrkarte,A1
erste,erste,A1
Erwachsene,erwachsene,A1
fahren,fahren,A1
Fahrgast,fahrgast,A1
Fahrkarte,fahrkarte,A1
Fahrrad,fahrrad,A1
fallen,fallen,A1
fast,fast,A1
Flughafen,flughafen,A1
Gebäude,gebäude,A1
geben,geben,A1
gegenüber,gegenüber,A1
geradeaus,geradeaus,A1
Gleis,gleis,A1
gültig,gültig,A1
halten,halten,A1
Haltestelle,haltestelle,A1
Hauptbahnhof,hauptbahnhof,A1
hinter,hinter,A1
Hotel,hotel,A1
Informationsschalter,informationsschalter,A1
Intercity,intercity,A1
Jobcenter,jobcenter,A1
Kino,kino,A1
Kirche,kirche,A1
Krankenhaus,krankenhaus,A1
Krankenkasse,krankenkasse,A1
Kreuzung,kreuzung,A1
Kurzstrecke,kurzstrecke,A1
Linie,linie,A1
links,links,A1
Lösung,lösung,A1
Meter,meter,A1
Metzger,metzger,A1
Minute,minute,A1
Mobilität,mobilität,A1
Motorrad,motorrad,A1
nachfragen,nachfragen,A1
nächster,nächster,A1
nächste,nächste,A1
nächstes,nächstes,A1
nichts,nichts,A1
öffentlich,öffentlich,A1
Orientierung,orientierung,A1
Park,park,A1
Parkgebühr,parkgebühr,A1
Parkplatz,parkplatz,A1
Polizei,polizei,A1
Position,position,A1
Post,post,A1
praktisch,praktisch,A1
rechts,rechts,A1
Rathaus,rathaus,A1
Regionalbahn,regionalbahn,A1
Restaurant,restaurant,A1
Ruhe,ruhe,A1
Schienenersatzverkehr,schienenersatzverkehr,A1
Schwimmbad,schwimmbad,A1
selten,selten,A1
sowieso,sowieso,A1
später,später,A1
Stadtplan,stadtplan,A1
Stadtwald,stadtwald,A1
steigen,steigen,A1
Straßenbahn,straßenbahn,A1
Tageskarte,tageskarte,A1
Taxi,taxi,A1
überall,überall,A1
umsteigen,umsteigen,A1
ungefähr,ungefähr,A1
unter,unter,A1
Verfügung,verfügung,A1
Verkehrsmittel,verkehrsmittel,A1
verstanden,verstanden,A1
verzögern,verzögern,A1
Volkshochschule,volkshochschule,A1
voll,voll,A1
vorbei,vorbei,A1
vorne,vorne,A1
warten,warten,A1
Weg,weg,A1
Winter,winter,A1
Wochenmarkt,wochenmarkt,A1
wohin,wohin,A1
wollen,wollen,A1
Zug,zug,A1
zweimal,zweimal,A1
zweite,zweite,A1
zwischen,zwischen,A1
anfangen,anfangen,A1
Arbeitstag,arbeitstag,A1
Ausbildung,ausbildung,A1
ausfüllen,ausfüllen,A1
Aushilfe,aushilfe,A1
Automechaniker,automechaniker,A1
Automechanikerin,automechanikerin,A1
backen,backen,A1
Bäcker,bäcker,A1
Bäckerin,bäckerin,A1
bald,bald,A1
berichten,berichten,A1
Beruf,beruf,A1
beruﬂich,beruﬂich,A1
Bürokauffrau,bürokauffrau,A1
Bürokaufmann,bürokaufmann,A1
Chef,chef,A1
Cheﬁn,cheﬁn,A1
Computerprogramm,computerprogramm,A1
Computersystem,computersystem,A1
dauern,dauern,A1
dreimal,dreimal,A1
Fahrer,fahrer,A1
fangen,fangen,A1
Feierabend,feierabend,A1
ﬂexibel,ﬂexibel,A1
fotograﬁeren,fotograﬁeren,A1
freundlich,freundlich,A1
Führerschein,führerschein,A1
Fußballspieler,fußballspieler,A1
Gitarre,gitarre,A1
halbtags,halbtags,A1
Hausfrau,hausfrau,A1
Hausmann,hausmann,A1
Hund,hund,A1
installieren,installieren,A1
Kantine,kantine,A1
kaputt,kaputt,A1
Kasse,kasse,A1
Kassierer,kassierer,A1
Kassiererin,kassiererin,A1
Kauffrau,kauffrau,A1
Kellner,kellner,A1
Kellnerin,kellnerin,A1
klingeln,klingeln,A1
Koch,koch,A1
Köchin,köchin,A1
Kollege,kollege,A1
Kollegin,kollegin,A1
Konzert,konzert,A1
korrigieren,korrigieren,A1
Kraftfahrzeug,kraftfahrzeug,A1
Krankenpﬂeger,krankenpﬂeger,A1
Krankenschwester,krankenschwester,A1
kreativ,kreativ,A1
langweilig,langweilig,A1
Leute,leute,A1
Mathematik,mathematik,A1
Mechaniker,mechaniker,A1
Mensch,mensch,A1
Mittagessen,mittagessen,A1
Moment,moment,A1
Musiklehrer,musiklehrer,A1
Musiklehrerin,musiklehrerin,A1
Nachtdienst,nachtdienst,A1
organisieren,organisieren,A1
Pizzafahrer,pizzafahrer,A1
Pizzeria,pizzeria,A1
Pﬂege,pﬂege,A1
prüfen,prüfen,A1
pünktlich,pünktlich,A1
Radio,radio,A1
rechnen,rechnen,A1
Rentner,rentner,A1
Reparatur,reparatur,A1
reparieren,reparieren,A1
Reporter,reporter,A1
Roman,roman,A1
schlimm,schlimm,A1
Schüler,schüler,A1
Schülerin,schülerin,A1
servieren,servieren,A1
Stress,stress,A1
Student,student,A1
Studentin,studentin,A1
studieren,studieren,A1
Taxifahrer,taxifahrer,A1
Taxifahrerin,taxifahrerin,A1
Techniker,techniker,A1
Telefon,telefon,A1
Traumberuf,traumberuf,A1
treffen,treffen,A1
Universität,universität,A1
unterrichten,unterrichten,A1
vielleicht,vielleicht,A1
wählen,wählen,A1
Werkstatt,werkstatt,A1
Wiederhören,wiederhören,A1
zuerst,zuerst,A1
Altenpﬂegeheim,altenpﬂegeheim,A1
anbei,anbei,A1
Anrede,anrede,A1
Arm,arm,A1
atmen,atmen,A1
Auge,auge,A1
Bauch,bauch,A1
Bein,bein,A1
Bauchschmerzen,bauchschmerzen,A1
Bescheid,bescheid,A1
Besserung,besserung,A1
Betreff,betreff,A1
bevor,bevor,A1
bleiben,bleiben,A1
Brief,brief,A1
Briefteil,briefteil,A1
Brust,brust,A1
danach,danach,A1
Datum,datum,A1
dürfen,dürfen,A1
Ellbogen,ellbogen,A1
Ellenbogen,ellenbogen,A1
Empfänger,empfänger,A1
Entschuldigungsschreiben,entschuldigungsschreiben,A1
erkälten,erkälten,A1
Erkältung,erkältung,A1
euer,euer,A1
eure,eure,A1
Fieber,fieber,A1
Finger,finger,A1
freundlich,freundlich,A1
geehrter,geehrter,A1
geehrte,geehrte,A1
Gesicht,gesicht,A1
Gesundheit,gesundheit,A1
Gesundheitskarte,gesundheitskarte,A1
Grippe,grippe,A1
Gruppe,gruppe,A1
Haar,haar,A1
Hals,hals,A1
Halsweh,halsweh,A1
Hand,hand,A1
Hausarzt,hausarzt,A1
heiß,heiß,A1
Husten,husten,A1
Hustensaft,hustensaft,A1
Knie,knie,A1
Kopf,kopf,A1
Kopfschmerzen,kopfschmerzen,A1
Körper,körper,A1
Körperteil,körperteil,A1
krank,krank,A1
Krankheit,krankheit,A1
Krankmeldung,krankmeldung,A1
März,märz,A1
Medikament,medikament,A1
Mund,mund,A1
Nacken,nacken,A1
Nase,nase,A1
Notfallsprechstunde,notfallsprechstunde,A1
Ohr,ohr,A1
Orthopäde,orthopäde,A1
Patient,patient,A1
Patientin,patientin,A1
per,per,A1
Pﬂaster,pﬂaster,A1
Praktikum,praktikum,A1
Praktikumsbetreuerin,praktikumsbetreuerin,A1
Praxis,praxis,A1
Praxisgemeinschaft,praxisgemeinschaft,A1
rauchen,rauchen,A1
regelmäßig,regelmäßig,A1
Rezept,rezept,A1
rot,rot,A1
Rücken,rücken,A1
rund,rund,A1
Salbe,salbe,A1
schicken,schicken,A1
Schmerz,schmerz,A1
Schnupfen,schnupfen,A1
Schulter,schulter,A1
schwanger,schwanger,A1
"sein, seine","sein, seine",A1
Sprechstunde,sprechstunde,A1
Sprechstundenhilfe,sprechstundenhilfe,A1
Sprechzimmer,sprechzimmer,A1
stark,stark,A1
Stirn,stirn,A1
Tablette,tablette,A1
Termin,termin,A1
Tropfen,tropfen,A1
Unterschrift,unterschrift,A1
Untersuchung,untersuchung,A1
Verband,verband,A1
verschieden,verschieden,A1
Vorsorge,vorsorge,A1
Wartezimmer,wartezimmer,A1
Wechsel,wechsel,A1
wechseln,wechseln,A1
wehtun,wehtun,A1
wieder,wieder,A1
wiederkommen,wiederkommen,A1
Zahn,zahn,A1
Zeh,zeh,A1
zurzeit,zurzeit,A1
aufwachsen,aufwachsen,A1
beantworten,beantworten,A1
Besuch,besuch,A1
Bewegung,bewegung,A1
bilden,bilden,A1
Blume,blume,A1
Dienst,dienst,A1
extra,extra,A1
Ferienhaus,ferienhaus,A1
früher,früher,A1
geboren,geboren,A1
gerade,gerade,A1
gucken,gucken,A1
Hausﬂur,hausﬂur,A1
heiraten,heiraten,A1
Hobby,hobby,A1
Ingenieur,ingenieur,A1
Insel,insel,A1
Inselrundfahrt,inselrundfahrt,A1
kennen,kennen,A1
Koffer,koffer,A1
letzte,letzte,A1
Meer,meer,A1
Mond,mond,A1
Nachbar,nachbar,A1
Nachbarin,nachbarin,A1
Natur,natur,A1
packen,packen,A1
Postkarte,postkarte,A1
Reise,reise,A1
Schiff,schiff,A1
Seehund,seehund,A1
Ski,ski,A1
Strand,strand,A1
stressig,stressig,A1
Studium,studium,A1
stundenlang,stundenlang,A1
Suppe,suppe,A1
süß,süß,A1
Tennis,tennis,A1
Tourist,tourist,A1
unregelmäßig,unregelmäßig,A1
Urlaub,urlaub,A1
verdienen,verdienen,A1
warten,warten,A1
Wetter,wetter,A1
anziehen,anziehen,A1
Anzug,anzug,A1
beige,beige,A1
bequem,bequem,A1
besser,besser,A1
besten,besten,A1
bestimmt,bestimmt,A1
blau,blau,A1
blöd,blöd,A1
Bluse,bluse,A1
braun,braun,A1
bringen,bringen,A1
denken,denken,A1
Einkaufsbummel,einkaufsbummel,A1
eng,eng,A1
euch,euch,A1
Farbe,farbe,A1
furchtbar,furchtbar,A1
gefallen,gefallen,A1
gegenseitig,gegenseitig,A1
gelb,gelb,A1
genauso,genauso,A1
glauben,glauben,A1
grau,grau,A1
günstig,günstig,A1
Hemd,hemd,A1
Hose,hose,A1
ihm,ihm,A1
Jacke,jacke,A1
Jeans,jeans,A1
Jogginganzug,jogginganzug,A1
Kassenbon,kassenbon,A1
Kaufhaus,kaufhaus,A1
Klamotten,klamotten,A1
klasse,klasse,A1
Kleid,kleid,A1
Kleidung,kleidung,A1
Kleidungsstück,kleidungsstück,A1
lila,lila,A1
Mantel,mantel,A1
meisten,meisten,A1
Mode,mode,A1
Modell,modell,A1
Mütze,mütze,A1
online,online,A1
Ordnung,ordnung,A1
Paar,paar,A1
passen,passen,A1
positiv,positiv,A1
probieren,probieren,A1
Prospekt,prospekt,A1
Pullover,pullover,A1
raten,raten,A1
Rock,rock,A1
Schal,schal,A1
Schuh,schuh,A1
schwarz,schwarz,A1
sicher,sicher,A1
Socke,socke,A1
Sportschuh,sportschuh,A1
Strickjacke,strickjacke,A1
Strumpf,strumpf,A1
tragen,tragen,A1
typisch,typisch,A1
überhaupt,überhaupt,A1
umtauschen,umtauschen,A1
uns,uns,A1
vergessen,vergessen,A1
Wintermantel,wintermantel,A1
zurück,zurück,A1
Achtung,achtung,A1
April,april,A1
aufregen,aufregen,A1
August,august,A1
bauen,bauen,A1
Baum,baum,A1
besuchen,besuchen,A1
bewölkt,bewölkt,A1
Braut,braut,A1
Dank,dank,A1
darüber,darüber,A1
Deutschlandkarte,deutschlandkarte,A1
Dezember,dezember,A1
eben,eben,A1
einladen,einladen,A1
Einladung,einladung,A1
einverstanden,einverstanden,A1
Eis,eis,A1
Februar,februar,A1
Feier,feier,A1
feiern,feiern,A1
Fest,fest,A1
freuen,freuen,A1
froh,froh,A1
Frühling,frühling,A1
fühlen,fühlen,A1
Gartenparty,gartenparty,A1
Geburtstag,geburtstag,A1
Geburtstagstorte,geburtstagstorte,A1
Geschenk,geschenk,A1
glücklich,glücklich,A1
Glückstag,glückstag,A1
Grad,grad,A1
hageln,hageln,A1
Handschuh,handschuh,A1
Hase,hase,A1
Herbst,herbst,A1
Himmelsrichtung,himmelsrichtung,A1
Hochzeit,hochzeit,A1
Hochzeitsfeier,hochzeitsfeier,A1
Jahreszahl,jahreszahl,A1
Jahreszeit,jahreszeit,A1
Januar,januar,A1
Juli,juli,A1
Kalender,kalender,A1
lieben,lieben,A1
Luftballon,luftballon,A1
lustig,lustig,A1
Mai,mai,A1
Mama,mama,A1
minus,minus,A1
mitbringen,mitbringen,A1
nass,nass,A1
nebelig,nebelig,A1
Norden,norden,A1
November,november,A1
nun,nun,A1
Oktober,oktober,A1
Oktoberfest,oktoberfest,A1
Oma,oma,A1
Osten,osten,A1
Osterei,osterei,A1
Osterfest,osterfest,A1
Osterhase,osterhase,A1
Ostern,ostern,A1
Papa,papa,A1
räumen,räumen,A1
reden,reden,A1
regnen,regnen,A1
samstags,samstags,A1
Schatz,schatz,A1
scheinen,scheinen,A1
schenken,schenken,A1
schlecht,schlecht,A1
Schnee,schnee,A1
Schneemann,schneemann,A1
schneien,schneien,A1
Schokoladenkuchen,schokoladenkuchen,A1
Sekt,sekt,A1
September,september,A1
Sommer,sommer,A1
sonnig,sonnig,A1
Spezialität,spezialität,A1
Standesamt,standesamt,A1
stellen,stellen,A1
Süden,süden,A1
tanzen,tanzen,A1
Teller,teller,A1
Torte,torte,A1
trocken,trocken,A1
unglücklich,unglücklich,A1
Unglückstag,unglückstag,A1
warm,warm,A1
Weihnachten,weihnachten,A1
Weihnachtsbaum,weihnachtsbaum,A1
Weihnachtsfeier,weihnachtsfeier,A1
Weihnachtsgeschenk,weihnachtsgeschenk,A1
Weihnachtsmann,weihnachtsmann,A1
Westdeutschland,westdeutschland,A1
Westen,westen,A1
Wetterbericht,wetterbericht,A1
wieso,wieso,A1